11.96531570842511,57.70139115195518,11.970102310180664,57.7036018371582
-122.41694491377136,37.77840451642044,-122.40707397460938,37.78160095214844
-73.98157559648723,40.727855014041154,-73.99138641357422,40.727142333984375
-122.33518705451608,47.617715281800635,-122.34005737304688,47.61038208007813
7.754602787966548,48.583406763215564,7.7440900802612305,48.58078384399414
-122.41344721398865,37.76848020657109,-122.4128646850586,37.77163696289063
-5.665981620780258,40.96518668139755,-5.6636085510253915,40.96498107910156
-122.41473892369854,37.77626055695474,-122.42240142822266,37.77217864990234
-0.13121538370228336,51.513789371427535,-0.12662553787231445,51.51586532592773
-122.40596272940412,37.779914792883375,-122.39850616455078,37.780616760253906
11.25920633962357,43.77202237803242,11.25821590423584,43.775184631347656
-122.42003218602841,37.77702060452124,-122.41241455078124,37.772804260253906
8.390544291011738,49.00896844725317,8.383350372314451,49.00935363769531
-80.41969942093355,37.23141489088061,-80.42002868652344,37.22624206542969
-79.40742346022068,43.64725607043623,-79.40959930419922,43.646263122558594
-73.98772434382408,40.728820943868016,-73.98767852783203,40.73360443115234
-122.41361321816844,37.778165748237065,-122.40754699707031,37.78289794921875
2.361382411457828,48.86574932427144,2.3596110343933105,48.86994552612305
2.3222177989204438,48.861806549443884,2.322554111480713,48.85836791992188
-122.4219103010498,37.76508647274085,-122.42765808105469,37.76197052001953
-3.7033806100320703,40.420350042927815,-3.7067418098449703,40.42609786987305
139.71236671319087,35.682159031115994,139.71267700195312,35.67368698120117
-122.42103968287505,37.776292140512865,-122.41405487060548,37.77729415893555
140.45502656724943,37.75879713400445,140.46217346191406,37.75525665283203
-122.41589228125014,37.773083021296365,-122.41217803955078,37.77339553833008
139.70827549563506,35.674742059942865,139.70976257324222,35.67113494873047
-122.41583317754996,37.77838665805653,-122.4179916381836,37.77633285522461
-70.26932353527832,43.65550384729394,-70.26216125488281,43.65574264526367
-0.1382216619394967,50.82732682184422,-0.13843712210655212,50.8263053894043
-122.33732349391943,47.612969735399425,-122.33929443359376,47.60962295532226
-122.40005145256336,37.77617069959105,-122.38977813720705,37.7784309387207
141.3480832177676,43.05812556485861,141.34930419921875,43.06315231323242
-73.98973178298081,40.72328418583032,-73.99808502197266,40.72605514526367
-0.5447717741489555,53.2284124876472,-0.5480183362960815,53.2313117980957
12.925851447232231,50.82918972312068,12.926473617553713,50.83714294433594
-73.98547492553064,40.73443209555342,-73.98872375488281,40.73847579956055
10.923017976424134,44.64635552228325,10.914724349975586,44.64331817626953
3.7291630800268964,51.05084572120905,3.721723079681397,51.05773544311523
-105.27768902764086,40.01988134427617,-105.27943420410156,40.01859664916992
-0.12947433446839796,51.51807336018571,-0.13015678524971008,51.5132064819336
9.979932909008376,53.55923820110804,9.980021476745604,53.55420684814453
-1.5454779251683703,54.947443811145,-1.5340625047683716,54.944496154785156
2.1674911328238418,41.38998034365572,2.1620771884918213,41.38360977172852
24.11675552068437,56.95434513267283,24.12176322937012,56.95209121704102
-122.41244409069952,37.78094954458153,-122.40961456298828,37.78316116333008
6.633496619806771,46.51989764852204,6.6251888275146475,46.524864196777344
-3.6984359050439934,40.421750754048865,-3.7032229900360103,40.427242279052734
-122.33606341349741,47.615178951458,-122.32763671875,47.61334991455078
-0.12467377236652055,51.516041553288034,-0.1297723948955536,51.51481628417969
-73.98040449096464,40.72739215931368,-73.98963928222656,40.7283821105957
11.583761073490894,48.140709883513225,11.575157165527346,48.13669204711914
151.20839054167973,-33.872481661945656,151.2056121826172,-33.86504364013672
-122.41452725455223,37.78094250506565,-122.41680145263672,37.78352737426758
-73.97013793434894,40.712121667616856,-73.96465301513672,40.71811294555664
-73.0555008719353,-36.83304662216607,-73.06117248535156,-36.82698440551758
153.0331565015068,-27.466566719665995,153.03407287597656,-27.4658317565918
-121.48334076995668,38.58209156727685,-121.48272705078124,38.5743408203125
-0.1282236386761042,51.5091991431455,-0.119162879884243,51.50912094116211
13.406012193540047,52.52427727850125,13.410238265991213,52.5316162109375
-122.41447626026104,37.77785956879807,-122.4181137084961,37.77689743041992
-73.9844613523353,40.73678144460826,-73.98880767822266,40.72920608520508
-115.16783804632941,36.12251449300151,-115.16529846191406,36.12224960327149
-122.40702611750795,37.78114414564595,-122.39936065673828,37.78741836547852
-122.40896950765035,37.77312187583781,-122.39960479736328,37.77544021606445
151.19855232226578,-33.87676238654523,151.2051239013672,-33.880802154541016
-3.6995094778699817,40.417203823403185,-3.7033731937408447,40.42396926879883
-122.41206375276035,37.7779344418182,-122.40562438964844,37.78239440917969
5.1118612803743515,52.09125760072154,5.110222816467285,52.09274291992188
-121.31036648790727,44.06579910942096,-121.31465911865234,44.05769348144531
-79.40932780276114,43.65487849778378,-79.40293884277344,43.64761734008789
174.7777062285941,-41.29560257904723,174.77813720703125,-41.286922454833984
-95.39086669782223,29.7815559964847,-95.39263916015624,29.78306770324707
2.3331375835121984,48.86077189260953,2.344862461090088,48.8635139465332
-122.41701620408344,37.77692649712114,-122.4180908203125,37.77212524414063
-96.02009571865791,41.26982451429464,-96.01873016357422,41.27813720703125
-122.40927026070757,37.77618091625862,-122.40702056884766,37.78223419189453
-77.0357114103674,38.90047177543165,-77.02787017822266,38.9029541015625
-66.07188393695941,18.42479139856804,-66.07694244384766,18.417333602905273
28.83722297781549,47.02515296161439,28.837543487548828,47.0220947265625
-123.1102902871862,49.28243950467329,-123.12024688720705,49.27629470825195
-122.41077304653477,37.775122637286074,-122.40831756591795,37.77755737304688
53.21333677954414,56.85380960384582,53.214027404785156,56.84737014770508
151.20222235273016,-33.875310388732174,151.20458984375,-33.86877822875977
-70.2565297539528,43.660917070713474,-70.25933074951172,43.65560531616211
-79.40155896010998,43.6536814869862,-79.39225006103516,43.64930725097656
7.450178625680093,46.95016365728369,7.457907199859619,46.95043182373047
18.060024188216094,59.32694608397016,18.07088279724121,59.33322143554688
-84.36744070008075,39.38437366788081,-84.37159729003906,39.38363265991211
-0.08033774578962039,51.527473954376106,-0.07924246042966843,51.52165603637695
-77.03328472913842,38.91458812530253,-77.02513885498047,38.91790771484375
-82.45733257763754,27.955563269208326,-82.46147918701172,27.950773239135746
-2.59196697228748,51.455035128231614,-2.6013376712799072,51.4520149230957
-77.02742647766469,38.90196246092953,-77.03191375732422,38.90227890014648
-0.12943677212473406,51.51552007442438,-0.12626178562641144,51.51493835449219
-122.41914315561944,37.7732697059125,-122.4136734008789,37.77517700195313
121.54057128114765,25.037862616100234,121.54219818115234,25.046300888061523
-123.11561614182438,49.27450422280707,-123.12345886230469,49.27684020996094
-122.41521795076684,37.769899757696884,-122.40453338623048,37.771217346191406
-83.73814780313687,42.28557317397828,-83.747314453125,42.28102111816406
139.71316417364284,35.668947435091724,139.70840454101562,35.66281509399414
-122.41404896317974,37.772144848473744,-122.41112518310548,37.77583694458008
2.161298705818279,41.39099169765721,2.1679854393005367,41.39280319213867
-84.38520453281615,33.772555777878665,-84.38770294189453,33.772857666015625
-123.11459629840256,49.27859292753411,-123.11753845214844,49.28453063964844
2.15742656357925,41.3908177202023,2.166747093200684,41.38591384887695
34.78494002264115,32.071622863121185,34.77651596069336,32.07555389404297
-0.06704241563880943,51.49029043096712,-0.06317900121212006,51.48583221435547
-105.27265526418905,40.0197807571606,-105.28075408935548,40.01581954956055
-0.12135416837145385,51.515220380497865,-0.13084840774536133,51.51668930053711
23.72907335775369,37.975833409668994,23.72210502624512,37.980316162109375
16.36859445623109,48.205898202041645,16.360353469848633,48.20161819458008
-75.69215992734127,45.422667663047136,-75.68936920166016,45.42708206176758
-123.10963789301985,49.27282897191638,-123.1112289428711,49.28169631958008
-122.4137623013722,37.780029885763675,-122.41014862060548,37.785560607910156
-73.98907814364037,40.721138682861344,-73.99415588378906,40.72546005249024
7.448319105683751,46.9526149270956,7.4430341720581055,46.95634841918945
-77.03213142672746,38.90874512040608,-77.03157806396484,38.90939712524414
-6.252538127346384,53.33900833978827,-6.253457069396973,53.33665084838867
-2.1097098943763517,49.19069591800015,-2.1046314239501958,49.18440628051758
-122.4254169902998,37.75861937879869,-122.4210968017578,37.76359176635742
151.19921329912472,-33.87562996252637,151.20529174804688,-33.86913681030273
-106.65943413345987,52.13148518375566,-106.6639633178711,52.12744140625
-71.07274920123022,42.352917828730064,-71.07269287109375,42.349266052246094
4.893676332361804,52.36587215997928,4.895924091339111,52.372413635253906
-71.08929853841175,42.35571235383464,-71.08894348144531,42.36280059814453
-73.98360333654006,40.699292613289415,-73.98682403564453,40.7046012878418
-122.67254218349774,45.525506638773486,-122.661865234375,45.52852249145508
-0.5526048446457708,47.470014405574865,-0.5513032674789429,47.47825622558594
-123.11947360184206,49.28384131890465,-123.12079620361328,49.279052734375
4.897649451764052,52.36296513652611,4.8954620361328125,52.37155151367188
-73.98513767362438,40.731336121392545,-73.99441528320312,40.72993469238281
-122.33459213600989,47.61348688509312,-122.33003997802734,47.61465835571289
-79.38988993926479,43.65898280522934,-79.38496398925781,43.66293716430664
-123.1112985922764,49.2710510252352,-123.11217498779295,49.26985931396485
-79.3907836254768,43.64957672844353,-79.3973388671875,43.64750289916992
-9.147150478526669,38.7124688022506,-9.154081344604492,38.70753860473633
-122.33080884753171,47.623214102628545,-122.32118225097656,47.62524795532226
-0.11157438954370492,51.517774953585864,-0.12116502225399015,51.51592636108398
-0.08547754210792391,51.52634517819701,-0.08035536855459212,51.52908706665039
-0.11722391100039432,51.50894562890849,-0.11705490201711655,51.51443862915039
11.5565265574761,48.1301330157963,11.560550689697266,48.13804244995117
144.971319013717,-37.811877919841656,144.96630859375,-37.804931640625
-71.10346448570914,42.35811293036645,-71.09872436523438,42.35912322998047
-73.987350531733,40.72529435455072,-73.99610900878906,40.72681427001953
-3.700708048517527,40.422022991675355,-3.695193529129028,40.427223205566406
123.9055571587064,10.322247793772195,123.90442657470705,10.31964111328125
-122.40592986774828,37.785240226982864,-122.40300750732422,37.78374862670898
-73.9966925000512,40.73668512927514,-73.9985122680664,40.740379333496094
9.7361674700351,52.3797185503451,9.73965072631836,52.375404357910156
-93.28115255618604,44.961946911382704,-93.28583526611328,44.96592712402344
30.508261548909587,50.43742253192364,30.514144897460934,50.43259811401367
136.90755537596158,35.167416029389784,136.90260314941406,35.164634704589844
-104.98773654355287,39.750500771297496,-104.99423217773438,39.75609970092773
-122.40799766687523,37.78150184364629,-122.40612030029295,37.787445068359375
-122.4214481998335,37.77608335543944,-122.41837310791016,37.77809524536133
-79.94052376541885,32.78124190494542,-79.93730163574219,32.784591674804695
-93.27419976642905,44.97724995119486,-93.27116394042969,44.98550033569336
-1.5427759135778842,53.799916907000295,-1.549561858177185,53.79513168334961
144.97719231563204,-37.8054626077675,144.9780731201172,-37.80201721191406
-122.41075018130479,37.77994095995199,-122.40047454833984,37.78180694580078
-123.11110196601332,49.27963177771595,-123.10130310058594,49.28416061401367
-122.42770607839371,37.768221462758724,-122.42440032958984,37.764015197753906
-3.6981870893030764,40.42112833385293,-3.6953179836273193,40.4129638671875
-71.10447643514179,42.34932477914138,-71.111572265625,42.35077667236328
-75.66492190244907,36.01606898223178,-75.66485595703125,36.02018356323242
-0.12853297855548362,51.51534103127248,-0.1309950053691864,51.51900100708008
11.256915559802573,43.776928943113916,11.250298500061037,43.76946258544922
-83.04981471353676,42.33593538041469,-83.04987335205078,42.33180236816406
10.754903484643528,59.92091793757713,10.750608444213867,59.91740798950195
-86.78372128508823,36.15387446349917,-86.7765121459961,36.15872573852539
-70.61509116111228,-33.4303595692097,-70.61248779296875,-33.42196273803711
-46.66083304767767,-23.560509519582425,-46.65553665161133,-23.55612373352051
16.353900424188012,48.20701849106146,16.350835800170902,48.21536254882813
-118.45131702099972,34.02419240438139,-118.45729064941406,34.022655487060554
-46.67153192366027,-23.566885911474465,-46.67540740966797,-23.56270408630371
10.745466889278283,59.92032970798229,10.749930381774902,59.91448593139648
-70.61389384106309,-33.43127623373934,-70.61650085449219,-33.427566528320305
16.36430186979666,48.20254479452428,16.36532974243164,48.2039680480957
-122.40944773646578,37.78272344541478,-122.40110778808594,37.785892486572266
-113.50097370798366,53.52636996139614,-113.51072692871094,53.5206069946289
14.508148647577976,46.056990440585956,14.508313179016113,46.06334686279297
-122.33341279667778,47.62087404554424,-122.33135986328124,47.61584854125977
-77.04000299128597,38.914446340365316,-77.04165649414062,38.91116714477539
-73.98520828595662,40.72809041276036,-73.99324798583984,40.72789764404297
-76.61060864752704,39.29372944265822,-76.6081314086914,39.28691482543945
-79.39626775687486,43.66415223552889,-79.39028930664062,43.65669250488281
-0.14149597383897114,50.82485488384086,-0.13857297599315646,50.82436752319336
-79.41257920136293,43.65166486991669,-79.41267395019531,43.64503479003906
6.8975724496295845,52.22048994089651,6.901613235473633,52.219459533691406
-3.1963768357377376,55.954723351095716,-3.2105517387390137,55.95090103149414
-122.02593956837484,37.33567124488517,-122.03009796142578,37.33300018310547
-73.98251978829086,40.73109350581953,-73.98918914794922,40.73652267456055
-4.266611807131199,55.86092014945749,-4.264528274536134,55.86560440063477
-122.40887016121741,37.77842204275139,-122.40807342529295,37.785789489746094
-122.413494575281,37.77560907195606,-122.41873931884766,37.77286148071289
-2.111765622408143,57.146720986953966,-2.0976097583770748,57.14612197875977
-5.985907185772589,37.395161097824186,-5.979104518890381,37.39593505859375
-122.41276057128704,37.766077817052185,-122.4024429321289,37.7689208984375
-122.40589378588491,37.78474123227719,-122.40379333496094,37.78746795654297
-0.11546233994351952,51.509572666067456,-0.1244165226817131,51.50883483886719
138.60377979742262,-34.925154561494004,138.60136413574222,-34.92214584350586
-68.84540308572811,-32.90020388983565,-68.84943389892578,-32.89315795898437
-122.40632164261814,37.7825649274581,-122.4086456298828,37.7857551574707
-99.17371524165777,19.412451916737112,-99.17137145996094,19.40582847595215
-0.08869556299873692,51.5217363241979,-0.0830753967165947,51.52456665039063
144.97405921105312,-37.81503111830217,144.9654541015625,-37.81830978393555
121.53626063946017,25.036710437125212,121.53263854980469,25.04411125183105
137.20445668383684,36.692028644221274,137.21006774902344,36.688743591308594
-122.41432828691532,37.77380580133544,-122.4188461303711,37.77006912231445
-3.700909677612344,42.341002846958155,-3.696491718292236,42.34353256225586
30.743488759684702,46.471675431607295,30.73354530334473,46.47694778442383
-122.40755236887257,37.782275303027646,-122.4061279296875,37.78116989135742
4.886352154135345,52.36451018354968,4.893615245819092,52.36109161376953
120.59541415734043,16.407636924383198,120.60321807861328,16.407068252563473
-81.55467255910315,28.37048218028707,-81.54988098144531,28.370370864868164
-122.40517839856113,37.784255005930454,-122.40485382080078,37.784934997558594
-122.03115645684906,37.332605500617426,-122.03064727783205,37.332366943359375
-2.801681773419148,54.04740358288579,-2.790666103363037,54.04811096191406
-122.33062200906906,47.613916816198454,-122.3235092163086,47.61564254760742
-68.12334477447445,-16.508196413406687,-68.12984466552734,-16.506132125854492
-83.00322593184899,39.98629626000896,-83.00299072265625,39.97961044311523
-80.16316487607622,25.811793679720054,-80.155517578125,25.81020164489746
144.96192899898634,-37.8178371624674,144.96109008789062,-37.80910110473633
11.063951496430347,49.44951319627735,11.070230484008787,49.4525146484375
-48.55403289733079,-27.59241454872345,-48.54765701293945,-27.58817481994629
-76.29255722635747,36.85146239319831,-76.29151153564453,36.84720230102539
-122.415767703144,37.777012749271535,-122.41425323486328,37.769630432128906
24.93218523471404,60.17504906763597,24.93403244018555,60.1686019897461
-73.98193814466276,40.744350501410544,-73.98931121826172,40.75124740600586
-2.104173100707498,49.18951436449794,-2.1090230941772456,49.18286514282226
-21.91313723613695,64.13871379982764,-21.9178409576416,64.14440155029297
-122.41703498590796,37.77233814892664,-122.42791748046876,37.77027130126953
-1.1337823466669759,37.989787789202055,-1.129746675491333,37.98634338378906
-113.50774343440331,53.533768371929376,-113.50579071044922,53.54122543334961
-122.40643669553543,37.77991691225797,-122.4046630859375,37.784027099609375
151.189523418592,-33.87809217079102,151.18455505371094,-33.876407623291016
-73.98374335566002,40.73419283707202,-73.99475860595703,40.733360290527344
-122.41633637011772,37.77463307828162,-122.41654205322266,37.77717971801758
-8.548160225620563,42.8775013502649,-8.544733047485353,42.880126953125
-4.7808713320788465,37.887554856779204,-4.786157131195068,37.884033203125
4.703926453990103,50.8849427855325,4.70657205581665,50.88113403320313
139.7174968203117,35.68321301501182,139.71665954589844,35.68299865722656
19.051940338418213,47.49979313047832,19.053293228149414,47.49724960327149
18.055593201528414,59.32170283774351,18.05207633972168,59.3164176940918
-3.1978179163824048,55.949110499276316,-3.2067813873291016,55.94789505004883
-0.14662957202426696,51.52005184318201,-0.14363422989845276,51.51850128173828
-122.4163925292383,37.77748081815058,-122.41387176513672,37.779579162597656
-122.41997895095581,37.775647215167176,-122.41243743896484,37.77471923828125
5.807625695432947,53.20211613302574,5.801399230957031,53.204490661621094
-2.239046520810291,53.480872869822505,-2.23724102973938,53.48322677612305
-96.72823983585151,43.538845176033774,-96.72706604003906,43.54484558105469
-0.08861139052618228,51.52514086165669,-0.0941399335861206,51.5313720703125
13.003015982935366,55.60174758995781,13.01317024230957,55.5958251953125
-122.42437829070452,37.78120997820425,-122.4272918701172,37.78536987304688
-73.98737219247606,40.72247963500608,-73.99258422851562,40.7239875793457
151.20739510414685,-33.87388769898422,151.2103729248047,-33.87496566772461
135.50002716960066,34.686854523949215,135.49752807617188,34.682388305664055
-93.27526557628514,44.97866711518157,-93.27384948730469,44.97815322875977
-122.41470018810128,37.78065105137791,-122.42317199707031,37.77672576904297
18.066063778256897,59.324484537822634,18.072811126708984,59.31982803344727
-0.09839636099439986,51.52942726256934,-0.08683787286281586,51.52460861206055
18.055433733507932,59.329758416053714,18.05916976928711,59.33103942871094
-78.48526175786309,-0.18497137522007487,-78.48239135742188,-0.18757519125938416
139.70829280385337,35.658236762307254,139.70860290527344,35.664306640625
-70.60572775106384,-33.425730444895386,-70.6125259399414,-33.423885345458984
-71.10221232949527,42.360639662306774,-71.09617614746094,42.36452102661133
-122.42165906418288,37.76228765738322,-122.4237823486328,37.7636947631836
114.16072519833948,22.285131875022486,114.15308380126952,22.28336524963379
-93.27031926928913,44.97707772126512,-93.2729721069336,44.98461532592773
139.70202356916874,35.65982636684218,139.701416015625,35.65451431274414
-117.91944739321615,33.80969432807444,-117.9177703857422,33.80854034423828
4.896409247779821,52.36227949900914,4.8917646408081055,52.35993576049805
174.7788401015688,-41.29402602263684,174.77517700195312,-41.29084014892578
-73.9814791130459,40.73159777861582,-73.99234771728516,40.73336410522461
-122.4129119080092,37.776512927261976,-122.41700744628906,37.77695083618164
-105.00386384908781,39.763808807304265,-105.0095443725586,39.76630401611328
-7.631507088765716,33.587639226267875,-7.626632213592528,33.591033935546875
-79.39147141322519,43.66625123724082,-79.39625549316406,43.65804290771485
-0.14723661856112358,50.827504749292345,-0.14434921741485596,50.825477600097656
103.87779994042342,1.3084131702668895,103.8848114013672,1.3032859563827517
-73.98317606287122,40.7344954189156,-73.98807525634766,40.74202346801758
-105.26927368688824,40.020683165515216,-105.27730560302734,40.01796340942383
-21.90608148425332,64.13931246623464,-21.921449661254886,64.14524841308594
8.533804068630342,47.37168369356124,8.54278564453125,47.37145233154297
-84.51804526976474,39.11361152578125,-84.51594543457031,39.106605529785156
-3.701998840835415,40.423425366270145,-3.6983699798583984,40.41579055786133
-0.09940579600140607,51.5182637918151,-0.08685877919197083,51.52107620239258
144.97104302827518,-37.82231184744701,144.97019958496094,-37.81462860107422
-122.34249159236437,47.61939714116069,-122.34745025634766,47.62355041503906
-123.11328316132864,49.278263560828236,-123.11721801757812,49.28257369995117
-0.12420684613977072,51.510999226056434,-0.13430549204349518,51.51183700561523
23.736626134735108,37.98408970267922,23.73989677429199,37.97787857055664
115.85586101646594,-31.950228131404447,115.86012268066406,-31.94827461242676
-2.592949624659638,51.458905422419356,-2.595050096511841,51.45561981201172
-97.74881758294077,30.267662670496865,-97.74333953857422,30.267009735107425
-49.28968800137324,-25.45125578497893,-49.28261184692383,-25.455656051635746
-6.253511697496776,53.34583185312653,-6.264851093292236,53.3438720703125
-0.582001198362434,44.83310048601818,-0.5762891173362732,44.84101486206055
9.196938156195671,45.47115038035353,9.197031021118164,45.47781372070313
0.41503382782150144,52.755611340042044,0.4179782867431641,52.752845764160156
3.7290808975870497,51.05184438320836,3.7267403602600098,51.04298782348633
-73.98338628340872,40.73399351452832,-73.99359893798828,40.73351287841797
-21.917472981908645,64.14323042791831,-21.929895401000977,64.14646148681639
-2.9426431820108974,35.288727494807354,-2.94008207321167,35.29109573364258
-75.16570606391127,39.95506825696451,-75.1681900024414,39.952293395996094
9.963491703174086,53.56594689635335,9.965689659118652,53.55729293823242
-0.1286082679621927,51.51540128961426,-0.12683752179145813,51.51904296875
-122.41518394163069,37.77648496493389,-122.41749572753906,37.776756286621094
-122.40808629023157,37.77913986268463,-122.40699005126952,37.776329040527344
-2.2372270233485096,53.47031932172063,-2.239365816116333,53.475074768066406
-2.9776366074544853,56.464202883613574,-2.9835076332092285,56.46452713012695
-0.12194330620860686,51.513269582903575,-0.13258935511112213,51.51275634765625
18.066511293279788,59.31854137401257,18.07791328430176,59.31442260742188
-97.28876048609236,37.716584797487606,-97.29024505615234,37.72177505493164
-73.57479053636648,45.510094901714325,-73.57508850097656,45.51750564575195
-0.13089780709856313,51.51695550309902,-0.1358329951763153,51.513343811035156
-0.1398809202338498,50.82852527604905,-0.1410517543554306,50.826454162597656
151.1992331299023,-33.87077762874799,151.19215393066406,-33.872802734375
73.51408730938644,4.178874286389128,73.50919342041016,4.17573881149292
-0.12469438478007078,51.512253833735855,-0.13229705393314362,51.51679611206055
-0.08739532833982366,51.521312784595175,-0.08787325769662857,51.51888275146485
-71.06377645577841,42.352864518175004,-71.05219268798828,42.35171890258789
-87.90841113585674,43.04067965866707,-87.90876770019531,43.0388069152832
139.69579267418172,35.66819781594364,139.69967651367188,35.66106033325195
-97.74561836480949,30.276227334999838,-97.74047088623048,30.281879425048828
-63.587665084979896,44.647317825135396,-63.58089065551758,44.64366912841797
7.668343914107639,45.067555383279675,7.6675472259521475,45.06052780151367
-115.16745729616238,36.12212322745723,-115.16773223876952,36.12340545654297
-122.41420836089556,37.77670580268736,-122.40380859375,37.77314376831055
-0.37807837017152224,39.471784419482866,-0.3777224719524384,39.467041015625
-78.64434947592633,35.781066162923594,-78.64656829833984,35.78246688842773
-122.40760060913814,37.78093884384147,-122.41110229492188,37.77456283569336
-122.412066982554,37.77787469821556,-122.4029541015625,37.78195571899414
-122.41185863670809,37.77596975969663,-122.4062957763672,37.782127380371094
138.5999142809634,-34.926045048224736,138.59658813476562,-34.928237915039055
-6.259489636418607,53.33955302638877,-6.26468563079834,53.34172439575195
-0.10711003280647446,51.5247120958394,-0.09981590509414673,51.52483367919922
-2.245072752145859,53.480724666385676,-2.2371973991394043,53.48489761352539
4.411104017287075,51.21062123408754,4.412399291992188,51.214439392089844
13.780992386554216,45.65227265255988,13.77469539642334,45.65022659301758
-122.42070108256529,37.775246697937924,-122.418212890625,37.77192306518555
-4.132491082520176,50.37168013503669,-4.146219253540038,50.36972045898438
-122.42070214030755,37.77300258416816,-122.42192840576172,37.76654815673828
-73.99323239768802,40.73247173561234,-73.99343872070312,40.72671508789063
-83.73841884761396,42.276974560988606,-83.73224639892578,42.27985763549805
-2.2847670393780954,53.47532556990668,-2.290960788726806,53.47147750854492
153.03137087331098,-27.462618027501332,153.03326416015625,-27.45880508422852
-71.0869110872958,42.352965463034494,-71.0874252319336,42.36039352416992
4.7088064856575205,50.879683933974846,4.706075668334961,50.88058471679688
19.060602684652324,47.49831093888944,19.0643310546875,47.49605178833008
-5.924358284799325,54.59185820047828,-5.928966045379639,54.59328079223633
22.146191563776075,65.58471052657552,22.1467342376709,65.58383178710939
21.421909415041867,41.99629401109456,21.420061111450195,41.99383544921875
18.051663302139662,59.32661742427023,18.056230545043945,59.3344841003418
2.339252114100519,48.85821955200238,2.3378653526306152,48.86203002929688
24.934159644825357,60.17551564177413,24.93841361999512,60.17161178588867
-69.93839826505393,18.463890705191805,-69.93244171142578,18.469091415405273
-122.407245953722,37.78294423071427,-122.4032211303711,37.785621643066406
-63.58233378109088,44.647103324271406,-63.5761947631836,44.64695739746094
-122.34047985179113,47.616992293080386,-122.35247802734376,47.61978149414063
-123.11152942999159,49.27582873665415,-123.10426330566406,49.27667617797852
-73.98518424594567,40.74109930357579,-73.98738861083984,40.73572540283203
-122.40889077129508,37.77379732015272,-122.4037628173828,37.77689743041992
136.90223483956152,35.1671161565742,136.89909362792972,35.166507720947266
-122.40599627291256,37.782348656566796,-122.4114227294922,37.77447509765625
-122.4086759293098,37.77922606291466,-122.40345764160156,37.776363372802734
4.410224493222539,51.2149368349336,4.400391578674316,51.21760940551758
-123.10569028075355,49.27418381292717,-123.10969543457031,49.28262710571289
-81.0302259184312,33.99238766499311,-81.03108215332031,33.99704360961914
-3.701873492154448,40.42188656518482,-3.703423976898194,40.41854476928711
-69.93711198520344,18.475779093656346,-69.94538116455078,18.47542953491211
-122.41868902093498,37.776040591727295,-122.41674041748048,37.776344299316406
15.209359868050491,59.27128945591972,15.20720100402832,59.27091979980469
-71.1063733360848,42.37642745057444,-71.10186767578125,42.37022399902344
-1.4792346211781364,53.38313004199247,-1.4769501686096191,53.38832473754883
-122.42371747970188,37.7721042041052,-122.42306518554688,37.77412033081055
-122.41139951217812,37.775932916491705,-122.41390991210938,37.77592086791992
-95.38618683328777,29.75974060868955,-95.37897491455078,29.75688743591309
-73.98503839949001,40.72770935194626,-73.99474334716797,40.72299575805664
24.923412351604643,60.185249631023424,24.94064712524414,60.18594360351562
-98.52452932271774,33.903710417310826,-98.52043914794922,33.90292358398437
13.416148648333204,52.52180613002616,13.412824630737305,52.51850128173828
-1.5432011740504097,53.79353349991901,-1.5392043590545654,53.79540252685547
-73.9886637023605,40.721820392459506,-73.99562072753906,40.72423934936523
151.19444537471227,-33.87626773968713,151.194580078125,-33.88360977172852
-79.38289868224915,43.65504525818285,-79.3772201538086,43.654396057128906
-86.8057178148427,40.41659672412877,-86.81670379638672,40.41884231567383
-123.10557312657092,49.2766680674981,-123.10636138916016,49.28184127807617
-4.256849742108443,55.85592181755045,-4.257173538208009,55.85851669311523
2.163987936151433,41.392632687071035,2.164316177368164,41.39363098144531
139.71968448473737,35.663056490539105,139.71308898925778,35.665584564208984
-122.409502397429,37.76873525637803,-122.41505432128906,37.76173400878906
11.62114522747183,44.83219673655021,11.619752883911133,44.83377456665039
-122.4056800317742,37.78782225787817,-122.40271759033205,37.789306640625
-122.41241880001965,37.77799769184127,-122.4167251586914,37.77035140991211
-58.423092454386214,-34.58865312253862,-58.43204116821289,-34.59325408935547
12.560155036369345,55.67751132191112,12.550786972045898,55.67537307739258
139.70160215204365,35.65475720666397,139.70518493652344,35.648101806640625
-0.15051622109126586,50.832211704289605,-0.14754146337509155,50.8236083984375
139.717129953468,35.662559957352805,139.70909118652344,35.6644172668457
2.324498035888832,48.863430013832534,2.321190357208252,48.869361877441406
-0.37054648175615057,39.46926771486846,-0.3747389614582062,39.47067260742188
-85.66387089984329,42.96599383739426,-85.67018127441406,42.96333694458008
-0.5428590069433881,53.22863370436081,-0.5414230823516846,53.23020553588867
15.970163638967627,45.805201466597616,15.97413730621338,45.809959411621094
-122.41319172407194,37.78044989228484,-122.4056396484375,37.78604507446289
-85.67204059994829,42.96856466149618,-85.66918182373047,42.962162017822266
136.89883886615618,35.166350928357325,136.89772033691406,35.16990280151367
21.161805034080146,42.658234611069105,21.157690048217773,42.655357360839844
-70.13883218425258,-20.236114738099644,-70.14224243164061,-20.239578247070312
-73.98558329317926,40.73821946712528,-73.98855590820312,40.74272537231445
-79.93762371726433,40.44727739740294,-79.9446029663086,40.44657516479492
-122.40792112130684,37.774958749176214,-122.40071105957031,37.77507019042969
6.781161949839841,51.219481685060366,6.7919745445251465,51.22126770019531
-5.989895973654428,37.394790139492784,-5.990450382232666,37.39974594116211
-0.11352709908521776,51.51619349592888,-0.12297332286834715,51.51546478271485
-123.10963891543035,49.27360552638999,-123.10633087158205,49.28161239624024
-122.42377679582115,37.774989023879726,-122.4178466796875,37.770355224609375
18.058307741442484,59.32606530897672,18.06616973876953,59.331703186035156
16.36192143680162,48.20552193380664,16.373115539550778,48.2080192565918
-104.98894399464837,39.73614162988924,-104.98969268798828,39.7354850769043
151.74604614419522,-32.928968868071124,151.74534606933594,-32.92260360717773
-0.13906639638139495,50.8278081066926,-0.15044252574443814,50.824684143066406
-73.98353948155362,40.72465363543426,-73.97268676757812,40.72127151489258
-122.4102990347431,37.77395579864904,-122.40247344970705,37.768856048583984
-2.969317363718289,53.4011755104323,-2.9803650379180913,53.40422821044922
35.05281195682484,48.45482638254107,35.04912567138672,48.46126174926758
2.345921738029141,48.86684117830128,2.3506755828857417,48.865234375
139.71106088381833,35.66276860146429,139.70225524902344,35.66044998168945
-157.86385757257474,21.314549152540213,-157.86663818359375,21.311016082763672
-1.5583549571504136,53.80645767801171,-1.5554628372192385,53.80669784545898
-73.97991899935259,40.724551442678596,-73.9844741821289,40.72789001464844
-73.98967331448495,40.73568495952056,-73.99018859863281,40.72798538208008
136.90790128168504,35.16479623348284,136.90792846679688,35.16938018798828
4.892035709069925,52.36406521974095,4.896035194396973,52.37182998657226
-0.14148782692541315,50.82818976053432,-0.1487063616514206,50.83475875854492
-97.74212776392928,30.30257459893932,-97.75062561035156,30.30486869812012
-2.2450636387601435,53.477798423005616,-2.242171287536621,53.4820556640625
-2.5854512645302634,51.458493834643185,-2.594624757766724,51.45575332641602
-74.0632719198278,4.670107561591445,-74.05889892578125,4.671981334686278
6.868332844623907,52.22026832353568,6.877150535583496,52.22716522216797
-122.42167186134321,37.77271354524292,-122.419921875,37.77293014526367
18.052916251438425,59.32425679861747,18.06598281860352,59.32229614257813
-122.4056059133992,37.78005962296228,-122.40637969970705,37.78288269042969
-99.17226680325173,19.421109044028565,-99.16648864746094,19.42502212524414
-106.82364488257616,39.185778728174746,-106.81761932373048,39.18658828735352
-73.9844284581677,40.72980007651756,-73.99332427978516,40.724212646484375
-122.40442208702564,37.785332552326985,-122.39717864990234,37.78023147583008
-123.03321964294729,44.946920139678134,-123.0413818359375,44.940372467041016
6.947572568725491,50.944620804711676,6.95969295501709,50.9478874206543
-73.9767565970363,40.7303517745604,-73.9824447631836,40.73204040527344
-84.46922108186244,42.72777354136926,-84.47317504882812,42.7293586730957
-122.41360228893431,37.77391597193513,-122.4159164428711,37.77864837646485
-73.98655113597499,40.72959642970935,-73.9928970336914,40.7285270690918
139.70886687202102,35.66135135224443,139.70419311523438,35.663330078125
-0.11446052675887584,51.51204236260825,-0.11583157628774644,51.507713317871094
-73.98703285345181,40.724850314818056,-73.9863052368164,40.73093795776367
-122.41633411880122,37.776857226559855,-122.41163635253906,37.78049850463867
2.162848768792092,41.390305642503904,2.1651163101196294,41.38370132446289
-118.15814283323186,34.133566561371175,-118.1540985107422,34.140907287597656
-2.9711660217002414,53.4001409966745,-2.9817934036254883,53.40459060668945
19.067224656921415,47.4957526738331,19.06513977050781,47.49067306518555
-73.98757779454006,40.72669638364828,-73.99479675292969,40.728214263916016
151.1947401596283,-33.873647815791585,151.1960906982422,-33.87442779541016
-122.40911887952831,37.77954504090396,-122.40025329589844,37.782081604003906
-122.42291636523115,37.772712789696726,-122.42146301269531,37.77017211914063
-122.33230748552471,47.61459012788289,-122.33161163330078,47.617225646972656
-122.41722166769472,37.77354645095303,-122.41971588134766,37.76769256591797
-89.38955651382338,43.073027248249694,-89.38140869140625,43.07447052001953
-0.12107307775380605,51.52355682394939,-0.12051481753587726,51.51877975463867
2.252304812165149,41.92946199383972,2.257540702819824,41.93074417114258
-122.4182195803049,37.77676877805053,-122.41244506835938,37.77838516235352
-0.1433473330336028,50.8309192009117,-0.14721016585826874,50.8261604309082
-122.42352037212856,37.77386404670018,-122.41681671142578,37.7763671875
101.66446044789505,3.1310275388311863,101.67058563232422,3.129533052444458
-122.33122547005443,47.620179825551226,-122.33150482177734,47.61132049560547
2.3353342164737447,48.863130610499,2.330461025238037,48.87145614624024
-3.6992233820968745,40.42035352757858,-3.7071878910064697,40.41905975341797
103.84068227838483,1.3010204712189593,103.8399887084961,1.2946746349334717
12.569263082477567,55.677715267583295,12.566346168518065,55.67770004272461
-73.98841572050952,40.72886434248979,-73.99686431884766,40.7236442565918
-73.98248240838541,40.7345355772406,-73.99262237548828,40.73896789550781
-122.41614507899828,37.77767742979929,-122.41197204589844,37.77935028076172
-71.09561837031906,42.350256360405155,-71.09944152832031,42.34258270263672
4.901238255498621,52.365266753197815,4.893108367919922,52.37045288085938
18.051827099811828,59.326969387487495,18.057199478149414,59.32994842529297
174.77626634467194,-41.29338841278511,174.77532958984375,-41.29178237915039
-54.72910934507337,-2.4262083249621464,-54.73600769042969,-2.428828239440918
139.72815192584224,35.66243358470317,139.73260498046878,35.66999435424805
-0.1402248013620806,50.83217160771506,-0.13760371506214142,50.82659912109375
-73.9867421993846,40.73913488293376,-73.98918151855469,40.73334503173828
-122.40876934117615,37.77551078473444,-122.40673065185548,37.7799072265625
6.562329612783911,53.21810344677779,6.564850330352782,53.21927261352539
-122.3301688701887,47.62462863787261,-122.33619689941406,47.621665954589844
18.060178323648447,59.3299806805491,18.064695358276367,59.337791442871094
-66.83886698992558,10.491934507105613,-66.84224700927734,10.497586250305176
-73.98724752002533,40.72297603362641,-73.99098205566406,40.72365188598633
19.053614982569773,47.501543833997644,19.055099487304688,47.5011100769043
18.061801847622643,59.32757579207689,18.05447578430176,59.33099746704102
-122.40450215780828,37.78452576743232,-122.40153503417969,37.78434371948242
9.17042782568565,48.7767412621516,9.17814826965332,48.77414321899414
24.11803130121455,56.952848564706315,24.12657356262207,56.95697784423828
138.8459537861529,37.45453166129376,138.8487548828125,37.446922302246094
151.2039053783437,-33.87826016419195,151.20196533203125,-33.871448516845696
13.407945034955327,52.51264119667475,13.402819633483887,52.51506042480469
-0.09001245550410886,51.52207902201753,-0.08354580402374268,51.5249252319336
121.53651869735498,25.036856457489424,121.53946685791016,25.03990936279297
-2.365354548443974,51.37969096993331,-2.36348819732666,51.38835906982422
-2.8111576177790307,54.05130699575607,-2.804753065109253,54.05097579956055
-73.99349186826572,40.72533540164732,-73.99469757080078,40.72300338745117
-114.07883277883082,51.03164652349105,-114.07894897460938,51.03845977783203
121.05549267283085,14.584887098906574,121.06039428710938,14.58626937866211
-0.1086803071376039,51.51752402612002,-0.10802630335092543,51.52328491210938
130.3990238775483,33.58913262479559,130.40147399902344,33.58590316772461
139.72170600572016,35.662325434065835,139.73068237304688,35.66459655761719
-70.62465534431237,-33.44466476265172,-70.62628173828125,-33.44818878173828
-73.98340053660952,40.73818741422771,-73.98331451416016,40.7430534362793
-99.18017674828285,19.416217064080623,-99.1731185913086,19.41063117980957
-77.03059431169982,38.91498209228225,-77.0333480834961,38.92325210571289
11.980912909766753,57.705286557580244,11.990065574645994,57.69981002807617
-122.40713514666069,37.77876484675858,-122.40628814697266,37.785400390625
18.421742655549444,-33.92438304239516,18.41963005065918,-33.9290771484375
-86.09973206124431,42.797539313078865,-86.10506439208984,42.78981018066406
18.421674593268087,-33.92834008607391,18.417871475219727,-33.92673492431641
-122.40701112933132,37.77587657761475,-122.41634368896484,37.7808837890625
-85.72893942592611,38.24237516472629,-85.73894500732422,38.24434661865234
121.03017277132601,14.574600290460218,121.03392791748048,14.567671775817873
-70.7580844421878,43.07325953839385,-70.75849914550781,43.07649230957031
-0.14470776238982808,50.82759411595663,-0.14307917654514313,50.82283020019531
13.002013715403578,55.60305684487401,12.997665405273438,55.600303649902344
10.741159660445641,59.91695734107448,10.744129180908203,59.90843200683594
21.15981588959363,42.659370512441846,21.16385078430176,42.661869049072266
13.000417159275859,55.60185187126235,13.003365516662598,55.60402297973633
18.05882228577481,59.319904249565056,18.05698585510254,59.31506729125977
-3.706411827099657,40.43229801826337,-3.7106642723083496,40.42913818359375
-122.4206933198337,37.77649644169021,-122.4179229736328,37.77706909179688
-118.46774941691632,33.99311553152673,-118.47124481201172,33.98528289794922
-73.98363412938522,40.732659270290604,-73.9870834350586,40.7387924194336
-122.41117752489201,37.77742994720239,-122.40398406982422,37.7837142944336
15.21887759214708,59.269860962301685,15.213251113891602,59.27649307250977
6.625601312348853,46.52322456380004,6.632880687713622,46.52193832397461
144.97049990765098,-37.811584767911576,144.9775390625,-37.81861877441406
174.78394325617572,-41.297442230672736,174.77883911132812,-41.290771484375
-49.270571191675565,-25.43713671767756,-49.27190780639648,-25.43935585021973
-122.42468551900741,37.78074907736311,-122.4236068725586,37.776939392089844
-122.41837120638023,37.76747284111535,-122.42466735839844,37.77271270751953
7.441943393129785,46.94909144572569,7.449633598327638,46.94849014282226
151.20077594455196,-33.870668878429555,151.20115661621094,-33.87583541870117
-6.258037350705138,53.337917662266825,-6.261098861694336,53.33833694458008
-97.7409520324448,30.279298286796195,-97.74090576171876,30.28175163269043
-104.9924227431629,39.748405931882616,-104.9909439086914,39.754791259765625
-0.1290568468401716,51.50933783473278,-0.13013911247253418,51.517662048339844
144.97566882742598,-37.814960490909975,144.96876525878906,-37.809268951416016
2.3379511315292865,48.8629353196602,2.3337974548339844,48.87120819091797
-0.4852232655940156,38.347632182626256,-0.4926173686981201,38.34476852416992
10.75931494982452,59.914312713308284,10.75405979156494,59.91152572631836
-103.37820936956699,20.670667948268672,-103.37709045410156,20.6740665435791
9.185229406853392,45.47270344852548,9.197081565856934,45.474281311035156
-122.42969757819672,37.764353471935976,-122.4285125732422,37.75982666015625
-122.41587536959445,37.77680238774342,-122.41329193115234,37.77513122558594
-122.32792639113319,47.629467726415214,-122.31871795654295,47.6246337890625
-3.6968948031941977,40.43222878991018,-3.7034354209899902,40.426231384277344
121.02521144385693,14.543795629628606,121.02719116210938,14.55133056640625
-77.03411505127889,38.917600995099455,-77.0343017578125,38.91305923461914
10.7533101609128,59.91973101997241,10.745912551879883,59.92784118652344
6.565680427029473,53.22011144597451,6.566657543182372,53.22466278076172
-1.4771631032601815,52.92150150804903,-1.4865173101425169,52.92229461669922
-2.7901739562244074,54.0288662690856,-2.7905936241149902,54.02804183959961
138.59967829768098,-34.9279999765783,138.60269165039062,-34.92428970336914
-2.28395868638529,53.47483889411028,-2.287709951400757,53.47097778320313
-122.42243387111378,37.77304877115048,-122.4243621826172,37.764305114746094
5.573688432961188,50.639888921423776,5.57268762588501,50.63923645019531
103.84060478474512,1.2994849330898457,103.83775329589844,1.301184058189392
6.630267053867987,46.52097682181065,6.636366367340088,46.51613235473633
-21.916780952566228,64.14395353643329,-21.907400131225586,64.14226531982422
-73.98505728780628,40.75519899113788,-73.9833984375,40.75394821166992
-122.40407963354671,37.783180152603045,-122.41334533691406,37.78178405761719
-48.84378148889533,-26.30733647923613,-48.85066223144531,-26.304597854614254
19.0570258398766,47.49864698181095,19.05742073059082,47.50238800048828
-84.5171273022321,39.1147481743489,-84.51752471923828,39.10905838012695
151.199383179206,-33.87279263594583,151.20095825195312,-33.88100051879883
-8.552161461189087,42.87087401359439,-8.543905258178711,42.876502990722656
130.40362458993013,33.58743497702124,130.40167236328122,33.58871841430664
-116.6070424744844,31.849442299453003,-116.60891723632812,31.857946395874023
-3.193156761147236,55.94639574942305,-3.185727834701538,55.94674301147461
-99.1736273398122,19.41935082480045,-99.17303466796876,19.415109634399414
-9.15216800908911,38.72718642256358,-9.14217472076416,38.72857284545898
-87.9042102903718,43.041912284152524,-87.910400390625,43.04096221923828
-0.13760965930259772,51.51573079706314,-0.1260557323694229,51.51187515258789
-122.41876014911593,37.776356316306156,-122.4090576171875,37.77337646484375
-122.41110683950504,37.77933242531085,-122.4051284790039,37.78406524658203
-73.98932977352865,40.728608987146494,-73.98644256591797,40.7298583984375
-122.40545190134723,37.782035822075436,-122.3943099975586,37.78176879882813
-38.50556847000945,-3.751878987521625,-38.50439834594727,-3.748637199401856
12.997198452551231,55.60605773341469,13.002874374389648,55.61090850830078
114.1699195390464,22.30369481920745,114.17729949951172,22.30234146118164
6.948186469612072,50.94621181068265,6.936957836151122,50.9410514831543
-65.20753285505833,-26.827364178506556,-65.20479583740234,-26.83045768737793
11.344220643900686,44.49480223400034,11.340539932250975,44.49574661254883
-1.0802233814351894,50.78989292435506,-1.0823636054992676,50.78656387329102
-5.850885967760519,43.36163339630973,-5.8451247215271,43.360694885253906
-63.58119081830472,44.651301482497054,-63.57593536376953,44.64725875854492
-6.258190275526657,53.341794136465,-6.258042812347412,53.341041564941406
174.76000809999059,-36.85232751335914,174.76953125,-36.85251998901367
144.97411239229868,-37.81597601111593,144.96835327148438,-37.80945205688477
19.05555890935253,47.50425736624232,19.05955696105957,47.5035285949707
174.77556365683827,-41.28264218897171,174.77252197265625,-41.28407287597656
-0.0837888909928779,51.522487198655774,-0.0767073705792427,51.52327728271485
-86.0967388821917,42.79256634406763,-86.10530853271484,42.79021453857422
-70.61775741316978,-33.43481061066637,-70.61883544921875,-33.42977523803711
-3.1947141438906783,55.94610634001479,-3.189774751663208,55.94858932495117
16.36079772969184,48.20193137733006,16.358245849609375,48.205039978027344
-3.53564226269242,50.73310843169895,-3.529909610748291,50.73325729370117
-99.17937330196276,19.415376048286024,-99.17202758789062,19.416645050048828
-0.13891219322300685,50.82732393719999,-0.13689182698726654,50.82592391967773
-77.0412061305525,38.930875903788994,-77.03763580322266,38.92942428588867
2.34762126261401,48.86225421535546,2.351202249526977,48.85803604125977
5.122139488558417,52.09157877610076,5.109866142272949,52.08865356445313
-77.86722159071081,40.79720988959288,-77.86267852783203,40.793922424316406
-106.66181629805658,52.133047779812365,-106.6633529663086,52.12904739379883
12.56931661169448,55.667656212502614,12.5593843460083,55.67385482788086
2.3618854178010134,48.86334526786188,2.3619496822357178,48.85873794555664
-99.16771215037822,19.413030457662998,-99.1673583984375,19.411720275878906
18.053431030748936,59.32604363819105,18.05662727355957,59.32974624633789
-71.12589579581255,42.352255208555825,-71.11900329589844,42.35177612304688
-113.49489839879949,53.53885731548601,-113.49803924560548,53.543663024902344
-87.54631118214803,33.204644682505304,-87.5511474609375,33.207046508789055
-95.23609952992872,38.97290148957768,-95.2342758178711,38.96705627441406
-5.664485982948861,40.96765245784307,-5.661417007446289,40.97190856933594
-122.41826324634705,37.780638082900666,-122.41706848144531,37.77507400512695
-79.39322161259173,43.65359037278542,-79.39573669433594,43.6474838256836
139.7292186622428,35.67279227889277,139.73619079589844,35.677635192871094
-122.40377405007246,37.787099418909285,-122.40435028076172,37.78314971923828
-122.4272085990377,37.771639952603344,-122.43043518066406,37.76816940307617
9.17470398687872,48.77331887087079,9.177465438842773,48.776588439941406
-0.13792495642962874,50.82823967451728,-0.12887601554393768,50.82174682617188
-85.67427814500428,42.95617721889145,-85.67182159423828,42.96247482299805
-79.40010137302869,43.649882003011506,-79.39550018310547,43.65250015258789
5.572641602509979,50.63640331489418,5.57013750076294,50.64004516601562
-4.4313342608047614,36.716899935129746,-4.423036098480225,36.71772003173828
8.673521417901382,50.112557310616324,8.679851531982424,50.10916519165039
-0.09671368206824127,51.524430378657684,-0.08341937512159348,51.52524185180664
-4.264590021215213,55.85885902534994,-4.268683433532715,55.86410522460938
-3.698648866088888,40.426768784630646,-3.703007698059082,40.42404174804688
-117.00854265566905,46.72772149018428,-117.00263214111328,46.73260116577149
-122.4243695727232,37.75945400842254,-122.42000579833984,37.75735092163086
6.084568930894019,50.77362320305623,6.096484184265138,50.77653884887695
-2.679116091630874,42.8473063229129,-2.678136110305786,42.84149932861328
138.61054367175498,-34.92198502630942,138.60250854492188,-34.92409133911133
106.81475033474571,-6.225715699151407,106.81621551513672,-6.225576400756836
144.9609649700685,-37.81064408631508,144.9634246826172,-37.80916213989258
-96.79168263650386,32.83011279899788,-96.78791809082031,32.82234573364258
-21.904292522006074,64.13930531183432,-21.91615295410156,64.13732147216797
-122.42632063505272,37.76831288281704,-122.4191665649414,37.763648986816406
-0.11194717717529556,51.51126874619505,-0.12149747461080553,51.51511764526367
18.066315748472462,59.330026742947595,18.056095123291016,59.32941436767578
-73.06151498487662,-36.81857254019476,-73.05821990966797,-36.82191467285156
-84.51333357642142,39.09925367604803,-84.50992584228516,39.097843170166016
-79.85867247080228,43.25153221218402,-79.85325622558594,43.25846862792969
-89.23394824369848,13.68624248649428,-89.23766326904297,13.683401107788086
-122.40984824800265,37.768567528596705,-122.41014862060548,37.77566528320313
-0.08296196718026749,51.508525284001465,-0.06995224207639694,51.51050186157226
5.115023573200474,52.083985520029,5.113865852355957,52.08636856079102
0.6204862998345089,41.61734318104895,0.6217397451400757,41.6115837097168
-1.1402471420905729,52.956476099991924,-1.148043870925903,52.95307540893555
141.34966448973944,43.06374590548658,141.3474884033203,43.0594482421875
-77.03769590171515,38.904386889441774,-77.03031158447266,38.9083366394043
4.408992666949269,51.20818172932998,4.41432523727417,51.2091293334961
-4.783649610930071,37.88821149347375,-4.774158000946045,37.8845329284668
174.76087490917232,-36.84996625335896,174.76365661621094,-36.85255432128906
19.052720061015734,47.501698448173116,19.055652618408203,47.50569152832031
-73.98460210225204,40.734738947445344,-73.99075317382812,40.73811721801758
-122.34106108926828,47.61995157834214,-122.34918212890624,47.61796188354492
-0.4886192776069152,38.34527707016504,-0.4880423843860626,38.34361267089844
67.06887456096784,24.868842021091567,67.06271362304689,24.873210906982425
2.1725551041450206,41.38663620105115,2.1716017723083496,41.384239196777344
-86.16337730380508,39.76909387642889,-86.16822814941406,39.76554870605469
-73.98008251372694,40.721524472743006,-73.98682403564453,40.718116760253906
-122.3276311935663,47.608729254031076,-122.33844757080078,47.61283874511719
-73.98681020038583,40.71607467971221,-73.9902572631836,40.72378158569336
-2.2410970824384435,53.47975485751874,-2.228001594543457,53.48134994506836
-73.58434394159251,45.49585925396924,-73.58036041259766,45.49491882324219
-73.98359729640225,40.73059541517903,-73.98674011230469,40.73888397216797
139.7240059418377,35.66826180498547,139.73207092285156,35.6658935546875
4.891871644097606,52.36178096931933,4.8960537910461435,52.36810302734375
-105.27449585503557,40.027871803796494,-105.27340698242188,40.019676208496094
153.02239825413406,-27.471665792515637,153.0269775390625,-27.4726505279541
151.20575598381262,-33.88239179011151,151.20823669433594,-33.88547515869141
-6.256543552881169,53.34195212296393,-6.262612342834473,53.3438720703125
-72.60354356046777,-38.73631968351648,-72.6073226928711,-38.73622512817383
-71.08662647479832,42.365025023137505,-71.07826232910156,42.36952590942383
-63.57914182022381,44.64925528918353,-63.57257080078125,44.64571762084961
-77.03731026693913,38.93073271155252,-77.03791809082031,38.92626953125
-0.1392440866910647,50.82913158126415,-0.14066067337989807,50.82562637329102
-119.01693516104972,35.37046512775826,-119.0190887451172,35.372230529785156
10.740268326307524,59.91955753026613,10.744543075561523,59.9173698425293
-0.1279691573365085,51.518085295620594,-0.1301507204771042,51.51273727416992
-81.24831696590735,42.98516905451189,-81.24946594238281,42.98610305786133
-122.66835876413424,45.516484813721206,-122.6725616455078,45.51640701293945
-72.60497410887002,-38.733679561426136,-72.60381317138672,-38.73826599121094
-0.12649814860168362,51.51532573970631,-0.1397240161895752,51.51308059692383
5.326192885346615,60.38737547862233,5.328596591949463,60.39092254638672
-77.45795691220127,37.555566874651845,-77.46641540527344,37.55207443237305
-83.74641376594644,42.2785891989161,-83.74333953857422,42.27764129638672
-122.40908634853413,37.78135157195155,-122.4065399169922,37.78306579589844
9.213632983719199,45.49661140601914,9.216307640075684,45.4933967590332
-73.98998820819469,40.723317829265646,-73.99166107177734,40.7181282043457
-73.98326289291136,40.74301318594369,-73.98829650878906,40.73492050170898
-0.0974083760057738,51.515967740189524,-0.10419940203428267,51.52172470092773
-1.4799037916640143,52.92650839372525,-1.4694881439208984,52.92121505737305
-122.40463983318438,37.781747788247145,-122.3976821899414,37.782310485839844
-99.15837407815029,19.41848230815773,-99.16092681884766,19.426469802856445
-70.61608216050088,-33.43398083845931,-70.61695098876953,-33.429428100585945
-76.31670294594551,40.04788153424633,-76.31188201904297,40.045166015625
139.70062978433012,35.6685781735244,139.70623779296878,35.66947937011719
-123.11356849048424,49.27056950444558,-123.11134338378906,49.26943969726562
18.05743054892563,59.32200036052121,18.05864906311035,59.31523513793945
-122.41626716608069,37.76841685872517,-122.42185974121094,37.76413345336914
151.2049781460416,-33.87778152905205,151.2089080810547,-33.88079833984375
-0.12366853620409303,51.51943740942972,-0.13451500236988068,51.51398468017578
-122.66682360412202,45.523715262311285,-122.67707824707031,45.522239685058594
-8.629255958773513,52.65854736312029,-8.630562782287598,52.66736602783203
153.03447573938595,-27.46774622882214,153.0384979248047,-27.46061897277832
2.169500652075579,41.38860414228952,2.1700811386108403,41.38286590576172
-122.41470624340069,37.77696854188928,-122.41301727294922,37.77730941772461
0.12419166186058925,52.205866240845744,0.12937293946743011,52.20447158813477
-87.63104449190537,41.889359588608315,-87.6351318359375,41.88457489013672
-3.698530144548727,40.42981069952709,-3.707178115844727,40.423866271972656
19.052047558812486,47.49696985621135,19.064987182617188,47.49774169921875
6.780246118078495,51.21740196280106,6.774282932281494,51.22367477416992
-73.9861568124757,40.732898408817675,-73.99039459228516,40.72463607788086
-73.98739315407084,40.72705031625925,-73.99547576904297,40.72389221191406
-76.13747059327227,43.04122423260107,-76.1355209350586,43.03927612304688
-76.60897641191771,39.30296475945425,-76.61502838134766,39.303611755371094
6.943335557089058,50.94123054912786,6.930976390838622,50.9392204284668
-1.5455123035978886,53.7969886892307,-1.5403833389282229,53.79550170898438
-122.41943493737772,37.774251655810474,-122.41937255859376,37.77091979980469
-3.694868122060825,40.42649333649303,-3.702150821685791,40.42702102661133
-122.41182790055792,37.77986818212053,-122.41805267333984,37.772605895996094
-122.32585187624392,47.620801199376594,-122.3222427368164,47.6191291809082
-79.40173195289958,43.64797600466135,-79.39268493652344,43.65182876586914
-0.11627989246892413,51.516979838496866,-0.1247226893901825,51.51420211791992
0.010551692368934818,50.87780000544682,0.006953777279704809,50.87241744995117
10.750514912775246,59.91458374223525,10.751999855041504,59.90759658813477
-0.11259595772736475,51.512700840606286,-0.10700099915266036,51.51583480834961
-73.57826516006799,45.50813840307499,-73.58780670166016,45.50883865356445
-3.6999807526297563,40.42233332576289,-3.7066221237182617,40.42289733886719
-70.61485131359909,-33.428982442556894,-70.61580657958984,-33.43489456176758
-0.10931553018036766,51.52815723829863,-0.10250035673379898,51.52035522460938
-79.3982683067793,43.65588312069929,-79.40815734863281,43.65150833129883
-122.41318807731705,37.78164110342407,-122.40412139892578,37.782615661621094
-77.02734199253581,-12.099908391504414,-77.03484344482422,-12.099038124084473
-157.85095670708083,21.304216191920354,-157.85215759277344,21.29561424255371
-113.49802786390951,53.53694272292965,-113.4988784790039,53.54589080810547
-3.7042324405466047,40.42155807846032,-3.70649003982544,40.42452239990234
-0.08812675136039161,51.52627863438006,-0.09922412782907486,51.52435302734375
-123.10469029366337,49.277110387944525,-123.11488342285156,49.28302764892578
-122.33434972076431,47.61879916369932,-122.34080505371094,47.61200714111328
-1.1231387664086014,37.98466583766696,-1.1286038160324097,37.9879035949707
139.72219929317734,35.66404698638515,139.72987365722656,35.66670227050781
-122.41668508844369,37.77254001293762,-122.415283203125,37.77416229248047
-73.98495259368286,40.723309011515376,-73.99085998535156,40.72328567504883
-122.40852964940822,37.779687333572724,-122.40552520751952,37.77807235717773
-73.99209818715497,40.743775166549284,-73.99439239501953,40.74542999267578
-122.4052223129072,37.77759937852589,-122.3961181640625,37.78047180175781
-4.786360422250767,37.88909552405953,-4.781750679016113,37.89080810546875
4.878264456681459,52.36397738981143,4.870386600494385,52.36988067626953
-86.89648320580595,40.42871235086558,-86.90758514404297,40.42663955688477
144.97608706294432,-37.81858992630227,144.96949768066406,-37.82286071777344
-122.41854404660572,37.7766976296145,-122.41261291503906,37.77106094360352
-5.9957618094129534,37.39941789149787,-5.997452735900879,37.3958854675293
-122.33777649853843,47.61549569544086,-122.3363037109375,47.6211051940918
139.72347620961938,35.66893239068522,139.73178100585938,35.664756774902344
-75.16356074142641,39.95847655169425,-75.16932678222656,39.956886291503906
18.055776908170653,59.32506137541998,18.058250427246094,59.3301887512207
133.91722128546692,34.665499010781296,133.91314697265622,34.66208267211914
-70.62235972343149,-33.43967045313009,-70.62298583984375,-33.432647705078125
114.17124612178749,22.28445747536123,114.16842651367188,22.27996063232422
-122.42796042944649,37.75730346124461,-122.43342590332031,37.75969696044922
-99.16966079156805,19.40723506696854,-99.17321014404295,19.403432846069336
-99.16977096109844,19.414149936532407,-99.16667175292969,19.412841796875
-73.98400581153982,40.72806601340147,-73.9854965209961,40.72921752929688
15.971688127446793,45.804576945013885,15.97312068939209,45.8106803894043
-0.11290614875878192,51.51309293508444,-0.1261395812034607,51.51594543457031
-93.28066577993064,44.97818640582695,-93.27066040039062,44.979827880859375
-105.26633200123922,40.017021408999256,-105.27518463134766,40.0189094543457
-73.98996062619347,40.72633774182992,-73.99971008300781,40.73140335083008
-0.11873061393640685,51.50783313145793,-0.1247500702738762,51.5101203918457
24.931357381948104,60.172826787471074,24.91895866394043,60.1670913696289
-6.245006012326144,53.343688546949146,-6.243050575256348,53.34668350219727
-73.98234040752244,40.73670040783402,-73.98946380615234,40.738624572753906
-103.71122130784893,19.259102513768823,-103.7112045288086,19.26288604736328
-76.13779699693373,43.03559527515068,-76.13031768798828,43.039154052734375
-122.4043838099872,37.78443235426389,-122.40512084960938,37.78559875488281
26.102558623302997,44.43905643202736,26.10266304016113,44.43312072753906
-89.61561760698044,21.00946409902837,-89.60855865478516,21.01384162902832
-0.09708951708074663,51.52116554031601,-0.08650082349777223,51.52376937866211
-122.41798259613223,37.77504267839643,-122.41144561767578,37.777793884277344
19.05941486443294,47.49952270874383,19.06368827819824,47.49227523803711
139.70129455691338,35.6637077134456,139.69442749023438,35.657936096191406
-75.1620409173102,39.96086403721645,-75.16773223876953,39.95403671264648
18.04826071399889,59.32773438317402,18.063627243041992,59.33043670654297
121.53275890024372,25.02237560158329,121.52982330322266,25.02946281433105
-122.4173412342568,37.780707112736856,-122.4092254638672,37.785865783691406
-77.03028720883805,38.90944804678711,-77.0304183959961,38.91380310058594
-122.41577217177326,37.77404131223883,-122.41352081298828,37.769378662109375
-1.90402015123118,52.47478036139573,-1.9069116115570068,52.48312377929688
-77.04192932217461,38.89724203459328,-77.04137420654297,38.90576934814453
-77.0452026730958,38.90536224967914,-77.04334259033203,38.905921936035156
-83.18079939171156,35.309732054840744,-83.1783218383789,35.31643295288086
-122.40863464057594,37.77758442204625,-122.41608428955078,37.77722549438477
-0.14209477486093647,50.82804509311201,-0.13313768804073334,50.83244705200195
-75.16468227980873,39.95651866965003,-75.15995788574219,39.955810546875
114.15482919010769,22.28543195192436,114.15028381347656,22.286516189575195
-73.98831555143937,40.730123888987755,-73.99545288085938,40.72509002685547
-5.921408003308387,37.16400589951363,-5.922189712524414,37.16239929199219
-3.7837945100810657,37.77516722174909,-3.786211013793945,37.76692199707031
-84.36707404685366,33.78209180738517,-84.37097930908203,33.778736114501946
-6.251620618799166,53.34274659495567,-6.248457431793213,53.34366989135742
-71.07860512208434,42.34857172302355,-71.07476806640625,42.34623336791992
4.8897066548391015,52.368266243144525,4.884909629821777,52.3723258972168
-73.98596722437979,40.72752258687858,-73.99601745605469,40.72403335571289
-115.44722416768884,32.639463389156234,-115.4367446899414,32.63922119140625
6.9414366314196565,50.9399877521237,6.937968730926514,50.9405403137207
-122.41311112683896,37.77488058339758,-122.42311096191406,37.773250579833984
-73.98598038378339,40.73645849724479,-73.9875259399414,40.73891830444336
-73.97660898545463,40.75192800119567,-73.98294067382812,40.75368881225586
-122.40424903536899,37.775992098142524,-122.39926147460938,37.77609252929688
17.11292975368314,48.14662217299215,17.109085083007812,48.14277648925781
-122.33020063027628,47.614473685346326,-122.33261108398438,47.61262512207031
-122.40594487911366,37.78013878475039,-122.3946533203125,37.78017807006836
-3.689158475012391,40.42542470898439,-3.6972556114196777,40.42059326171875
139.70469789258422,35.66019581605818,139.70211791992188,35.6588020324707
4.408567717347737,51.21605918528126,4.401183128356934,51.21401977539063
-99.16977573561348,19.408418169076477,-99.16555786132812,19.41299057006836
-90.52113019879664,14.59966030728966,-90.51516723632812,14.596900939941404
-46.66650822050946,-23.563804308257012,-46.66875457763672,-23.56217765808105
139.71722649113974,35.68050826075708,139.70759582519528,35.67636489868164
-8.545265271443043,42.87637031544268,-8.544671058654785,42.8768196105957
-122.660105305801,45.528141122522,-122.6567611694336,45.51991271972656
-157.85162873866915,21.304883424619398,-157.85061645507812,21.298171997070312
-78.64242410146039,35.78193512407702,-78.63801574707031,35.78010940551758
-75.1643278324027,39.949847097870176,-75.17009735107422,39.94700241088867
-122.42369373632894,37.770690930465726,-122.4169464111328,37.7764778137207
-73.98728005616198,40.721323961901774,-73.99544525146484,40.725181579589844
-3.1946056182647453,55.95006279137785,-3.2032773494720463,55.95589065551758
-3.1920686488814454,55.95524260177067,-3.1868076324462886,55.95655059814453
2.1760549655250747,41.38911788834717,2.181353807449341,41.38764953613281
-122.32648095729331,47.613077732205575,-122.32408905029295,47.61329650878906
-122.33181979771707,47.62447089912086,-122.34396362304688,47.62640380859375
139.7072316610358,35.664659038659636,139.7032470703125,35.65631866455078
-71.08377566628747,42.357167167067054,-71.0789566040039,42.349857330322266
-122.40756406574906,37.783329510144796,-122.40637969970705,37.78824234008789
-71.08075337205503,42.34962958610391,-71.08126831054688,42.34931945800781
103.84713851906523,1.2883405535931065,103.8505859375,1.289423584938049
-0.13191360305336275,51.516179570622796,-0.14344589412212372,51.518409729003906
-73.98971161903215,40.72763054001939,-73.99578857421875,40.72472763061523
-122.4010748262428,37.773618263325254,-122.3930435180664,37.76785278320313
-2.5848884414638182,51.45448239439461,-2.5861082077026367,51.45819473266602
-122.41750611349102,37.77331633679204,-122.42292785644531,37.76603698730469
-70.62334760159537,-33.443971141252234,-70.62094116210938,-33.4439697265625
-0.12321544057544995,51.51422537898275,-0.12337635457515715,51.51034164428711
2.3543617037082982,48.86514763605129,2.3548567295074463,48.86459350585938
-73.98571144138309,40.72362226774654,-73.99687957763672,40.72417068481445
-0.109066499736457,51.51093703273448,-0.11333318799734116,51.50343704223633
-0.13656545321174465,50.82938919764421,-0.14574337005615234,50.82486343383789
-122.6578327026712,45.51564054082675,-122.66095733642578,45.51812362670898
-5.915930710585144,54.59786510486092,-5.928694248199463,54.59925842285156
-0.1416100454597995,50.82839356795886,-0.14030571281909945,50.82475280761719
14.504575679002125,46.05309192761811,14.505953788757324,46.04802703857422
-70.61877847446544,-33.431603131032126,-70.62451171875,-33.436580657958984
-122.66000904475392,45.528298908436355,-122.65676879882812,45.522682189941406
-2.3581740293636813,51.380496021178224,-2.3612959384918213,51.38518905639648
13.003899514412911,55.60023578461146,12.998270988464355,55.59947967529297
130.41069366350015,33.59478607675293,130.41616821289062,33.58971405029297
-117.9142904190233,33.80733246138409,-117.9206314086914,33.80855941772461
-48.552632666031464,-27.60168639441677,-48.55075454711914,-27.597858428955078
-122.33262596183916,47.60343804426057,-122.33246612548828,47.60189437866211
139.70483728219665,35.68488252005775,139.69973754882812,35.69150161743164
-1.6530522951762237,42.81568468312477,-1.6470392942428589,42.8159408569336
35.500468035755674,33.894981004304945,35.49147033691406,33.893848419189446
-79.39216242082927,43.65272434161528,-79.39590454101562,43.64725112915039
6.173887698999351,48.68980981716549,6.184811115264893,48.692138671875
-4.438920131570285,36.71197500233464,-4.429691791534424,36.71705627441406
-122.40575152262446,37.78296841969241,-122.40413665771484,37.78971481323242
-84.51270218673534,39.106686662792924,-84.51271057128906,39.10446548461914
130.40017160306388,33.58738266208515,130.39970397949222,33.58828353881836
-77.60375116049141,43.141810849981184,-77.60169982910156,43.1426010131836
-122.41899472452288,37.7661759723355,-122.41532135009766,37.77175521850586
-0.1300718476785505,51.51633677065997,-0.13817289471626282,51.52204513549805
-3.6969433382503776,40.42481491903444,-3.69955849647522,40.417083740234375
-79.39262811145079,43.65711374210744,-79.39286804199219,43.64913558959961
-99.17569485619407,19.411328499256662,-99.16785430908205,19.41475486755371
174.77886111741876,-41.29564762622394,174.7816925048828,-41.29314804077149
-8.545739805296648,42.87600136614701,-8.539926528930664,42.87643432617188
-122.41738227866993,37.77330187077897,-122.4174346923828,37.77638626098633
-5.983722318902551,37.386024740028226,-5.973206996917725,37.38372802734375
-122.41834494921602,37.77468710983137,-122.42230987548828,37.77606964111328
-123.12317917015648,49.279821633159116,-123.12408447265624,49.28128051757813
-77.03207706132794,38.904544332932524,-77.02536010742188,38.90417098999024
-122.41309661743747,37.775394045362724,-122.4226303100586,37.77539825439453
-122.40259608810949,37.776812719683974,-122.40239715576172,37.784706115722656
-122.33227738772304,47.61425319149144,-122.33692932128906,47.61064529418945
-1.5528285750618238,53.798831825987975,-1.546526551246643,53.79585266113281
13.002855517381034,55.60142344249906,13.004010200500488,55.59844207763672
